"ID";"Área";"Grupo";"Laboratório";"Etapas";"Unidade/tema";"Códigos BNCC";"Relação";"Recorte e limites";"Pergunta de investigação";"Fonte oficial";"Página impressa de referência"
"fund-contagem";"Fundamentos da Matemática";"Primeiras explorações";"Coleções e contagem";"EF01, EF02";"Números";"EF01MA02, EF01MA03, EF01MA04, EF02MA03";"apoio parcial";"Coleções de até 100 objetos; comparar e justificar contagens. Contextos concretos são propostos pelo professor.";"Mudar a disposição dos objetos altera a quantidade da coleção?";"https://basenacionalcomum.mec.gov.br/images/BNCC_EI_EF_110518_versaofinal_site.pdf";"279"
"fund-decimal";"Fundamentos da Matemática";"Primeiras explorações";"Valor posicional e decomposição";"EF01, EF02, EF03, EF04, EF05, EF06";"Números";"EF01MA07, EF02MA01, EF02MA04, EF03MA02, EF04MA02, EF05MA01, EF06MA02";"apoio parcial";"Composição de naturais de até seis ordens. Para cada ano, o professor restringe a quantidade de ordens; não inclui outros sistemas de numeração.";"O que acontece com o valor de um algarismo quando ele muda de posição?";"https://basenacionalcomum.mec.gov.br/images/BNCC_EI_EF_110518_versaofinal_site.pdf";"291"
"fund-agrupamentos";"Fundamentos da Matemática";"Primeiras explorações";"Multiplicação e repartição";"EF02, EF03, EF04";"Números";"EF02MA07, EF02MA08, EF03MA07, EF03MA08, EF04MA04, EF04MA06, EF04MA07";"apoio parcial";"Distribuição visual de até 100 objetos, grupos iguais e resto. Usar quantidades compatíveis com o ano e formular problemas.";"Quando é possível repartir os objetos sem deixar resto?";"https://basenacionalcomum.mec.gov.br/images/BNCC_EI_EF_110518_versaofinal_site.pdf";"287"
"fund-padroes";"Fundamentos da Matemática";"Primeiras explorações";"Sequências e regularidades";"EF01, EF02, EF03, EF04";"Álgebra";"EF01MA10, EF02MA09, EF02MA10, EF03MA10, EF04MA11";"apoio parcial";"Sequências numéricas com diferença constante. Padrões figurais e fluxogramas exigem atividade complementar.";"Como prever um termo que ainda não aparece na sequência?";"https://basenacionalcomum.mec.gov.br/images/BNCC_EI_EF_110518_versaofinal_site.pdf";"287"
"fund-malha";"Fundamentos da Matemática";"Primeiras explorações";"Área e perímetro na malha";"EF04";"Grandezas e medidas";"EF04MA21";"apoio parcial";"Retângulos em malha unitária; comparar área e perímetro. Outras formas e metades de quadradinhos exigem construções complementares.";"Dois retângulos com a mesma área precisam ter o mesmo perímetro?";"https://basenacionalcomum.mec.gov.br/images/BNCC_EI_EF_110518_versaofinal_site.pdf";"293"
"fund-pesquisa";"Fundamentos da Matemática";"Primeiras explorações";"Tabelas e colunas";"EF02, EF04, EM";"Probabilidade e estatística";"EF02MA22, EF04MA27, EF04MA28, EM13MAT406";"apoio parcial";"Tabelas e colunas para três categorias. O professor orienta coleta, categorias, amostragem e interpretação; não há tabelas de dupla entrada.";"Que conclusão os dados sustentam e que conclusão eles não permitem?";"https://basenacionalcomum.mec.gov.br/images/BNCC_EI_EF_110518_versaofinal_site.pdf";"293"
"fund-chances";"Fundamentos da Matemática";"Primeiras explorações";"Acaso e frequência experimental";"EF04, EM";"Probabilidade e estatística";"EF04MA26, EM13MAT511";"apoio parcial";"Sorteios com reposição em duas categorias: comparar chance e frequência. Não cobre espaços contínuos ou eventos dependentes.";"A frequência observada precisa ser igual à chance teórica?";"https://basenacionalcomum.mec.gov.br/images/BNCC_EI_EF_110518_versaofinal_site.pdf";"541"
"fund-percurso";"Fundamentos da Matemática";"Primeiras explorações";"Localização e deslocamento";"EF02, EF03, EF06";"Geometria";"EF02MA12, EF03MA12, EF06MA16";"apoio parcial";"Trajeto no plano com eixos fixos; nos anos iniciais usar deslocamentos e referências espaciais com mediação docente.";"Mudar a ordem dos deslocamentos altera a chegada ou o trajeto?";"https://basenacionalcomum.mec.gov.br/images/BNCC_EI_EF_110518_versaofinal_site.pdf";"287"
"fund-expressoes";"Fundamentos da Matemática";"Números e medidas";"Operações, potências e radicais";"EF06, EF07, EF08";"Números";"EF06MA03, EF06MA11, EF07MA04, EF08MA01, EF08MA02";"apoio parcial";"Verificação de cálculos, potências e radicais reais. Planejar estimativas e estratégias pessoais antes da resposta.";"Como parênteses e ordem das operações alteram o resultado?";"https://basenacionalcomum.mec.gov.br/images/BNCC_EI_EF_110518_versaofinal_site.pdf";"301"
"fund-fracoes";"Fundamentos da Matemática";"Números e medidas";"Frações exatas";"EF04, EF05, EF06, EF07";"Números";"EF04MA09, EF05MA03, EF05MA04, EF05MA05, EF06MA07, EF06MA08, EF06MA10, EF07MA11, EF07MA12";"apoio parcial";"Frações exatas, operações e reta numérica. Construir significados de parte/todo com situações e materiais adicionais.";"Como reconhecer que duas frações diferentes representam a mesma quantidade?";"https://basenacionalcomum.mec.gov.br/images/BNCC_EI_EF_110518_versaofinal_site.pdf";"295"
"fund-divisibilidade";"Fundamentos da Matemática";"Números e medidas";"Divisibilidade, MDC e MMC";"EF06, EF07";"Números";"EF06MA05, EF06MA06, EF07MA01";"apoio parcial";"Examinar divisores e fatores. Solicitar estratégias e argumentos antes de usar o algoritmo de MDC/MMC.";"Que padrões dos divisores ajudam a prever fatores comuns?";"https://basenacionalcomum.mec.gov.br/images/BNCC_EI_EF_110518_versaofinal_site.pdf";"301"
"fund-proporcoes";"Fundamentos da Matemática";"Números e medidas";"Razões, proporções e porcentagens";"EF05, EF06, EF07, EF08, EF09";"Números e Álgebra";"EF05MA06, EF05MA12, EF06MA13, EF07MA02, EF07MA17, EF08MA04, EF08MA12, EF08MA13, EF09MA08";"apoio parcial";"Comparar proporções diretas, inversas e percentuais; os algoritmos do laboratório não substituem estratégias pessoais e contextos.";"Como distinguir variação direta, inversa e percentual?";"https://basenacionalcomum.mec.gov.br/images/BNCC_EI_EF_110518_versaofinal_site.pdf";"313"
"fund-unidades";"Fundamentos da Matemática";"Números e medidas";"Conversão de unidades";"EM";"Grandezas e medidas";"EM13MAT103";"apoio parcial";"Conversões nas grandezas disponíveis; textos científicos, armazenamento digital e outras unidades demandam complementação.";"O número muda na conversão; a grandeza representada também muda?";"https://basenacionalcomum.mec.gov.br/images/BNCC_EI_EF_110518_versaofinal_site.pdf";"533"
"fund-conjuntos";"Fundamentos da Matemática";"Lógica e conjuntos";"Conjuntos e operações";"EXT";"Ampliação dos fundamentos";"";"extensão";"Conteúdo de aprofundamento ou graduação, sem correspondência direta atribuída às habilidades da BNCC. A escolha de pré-requisitos e da sequência cabe ao professor.";"Quando a união tem menos elementos que a soma das quantidades dos conjuntos?";"https://basenacionalcomum.mec.gov.br/images/BNCC_EI_EF_110518_versaofinal_site.pdf";""
"fund-logica";"Fundamentos da Matemática";"Lógica e conjuntos";"Tabela de proposições";"EXT";"Ampliação dos fundamentos";"";"extensão";"Conteúdo de aprofundamento ou graduação, sem correspondência direta atribuída às habilidades da BNCC. A escolha de pré-requisitos e da sequência cabe ao professor.";"Que proposições possuem a mesma tabela de valores lógicos?";"https://basenacionalcomum.mec.gov.br/images/BNCC_EI_EF_110518_versaofinal_site.pdf";""
"fund-algebra";"Fundamentos da Matemática";"Álgebra e funções";"Expressões, produtos e fatoração";"EF07, EF09";"Álgebra";"EF07MA16, EF09MA09";"apoio parcial";"Verificar equivalência, produtos e fatoração; pedir justificativas das transformações e das restrições do domínio.";"Expressões com a mesma curva têm necessariamente o mesmo domínio?";"https://basenacionalcomum.mec.gov.br/images/BNCC_EI_EF_110518_versaofinal_site.pdf";"317"
"fund-equacoes";"Fundamentos da Matemática";"Álgebra e funções";"Equações em uma variável";"EF07, EF08, EF09";"Álgebra";"EF07MA18, EF08MA09, EF09MA09";"apoio parcial";"Explorar soluções de equações; modelagem de problemas e justificativa dos procedimentos são realizadas no Caderno.";"Como verificar se uma solução encontrada realmente satisfaz a equação?";"https://basenacionalcomum.mec.gov.br/images/BNCC_EI_EF_110518_versaofinal_site.pdf";"317"
"fund-inequacoes";"Fundamentos da Matemática";"Álgebra e funções";"Inequações lineares e quadráticas";"EM";"Números e Álgebra";"EM13MAT302";"apoio parcial";"Apoio à análise de modelos quadráticos e regiões de sinal, como aprofundamento associado; a habilidade não exige este módulo completo.";"Como raízes e sinal dos coeficientes determinam os intervalos de solução?";"https://basenacionalcomum.mec.gov.br/images/BNCC_EI_EF_110518_versaofinal_site.pdf";"536"
"fund-composicao";"Fundamentos da Matemática";"Álgebra e funções";"Composição e transformações";"EF09, EM";"Números e Álgebra";"EF09MA06, EM13MAT302, EM13MAT401, EM13MAT402, EM13MAT501, EM13MAT502";"apoio parcial";"Expressões, tabelas ou gráficos para investigar funções. Composição geral é aprofundamento, sem código específico atribuído.";"Trocar a ordem da composição preserva o resultado?";"https://basenacionalcomum.mec.gov.br/images/BNCC_EI_EF_110518_versaofinal_site.pdf";"539"
"fund-exponenciais";"Fundamentos da Matemática";"Álgebra e funções";"Exponenciais e logaritmos";"EM";"Números e Álgebra";"EM13MAT304, EM13MAT305, EM13MAT403";"apoio parcial";"Investigar crescimento, logaritmos e domínios; contextualização e modelagem dependem do roteiro.";"Como a base altera crescimento, decrescimento e domínio?";"https://basenacionalcomum.mec.gov.br/images/BNCC_EI_EF_110518_versaofinal_site.pdf";"539"
"fund-progressoes";"Fundamentos da Matemática";"Sequências e dados";"Progressões aritméticas e geométricas";"EF07, EM";"Números e Álgebra";"EF07MA15, EM13MAT507, EM13MAT508";"apoio parcial";"Comparar termos e somas de PA/PG; explicitar a relação com funções em domínio discreto.";"Diferença constante e razão constante produzem o mesmo crescimento?";"https://basenacionalcomum.mec.gov.br/images/BNCC_EI_EF_110518_versaofinal_site.pdf";"541"
"fund-trigonometria";"Fundamentos da Matemática";"Geometria e trigonometria";"Círculo trigonométrico";"EM";"Geometria e Medidas";"EM13MAT306";"apoio parcial";"Círculo trigonométrico e variação angular. Para a habilidade, construir também um modelo de fenômeno periódico.";"O que se repete ao acrescentar uma volta ao ângulo?";"https://basenacionalcomum.mec.gov.br/images/BNCC_EI_EF_110518_versaofinal_site.pdf";"537"
"fund-triangulos";"Fundamentos da Matemática";"Geometria e trigonometria";"Triângulos e relações métricas";"EF06, EF09";"Geometria";"EF06MA19, EF09MA14";"apoio parcial";"Medidas e classificação por lados/ângulos; verificar casos retângulos. Não substitui demonstrações de relações métricas.";"Quais conjuntos de três medidas formam um triângulo?";"https://basenacionalcomum.mec.gov.br/images/BNCC_EI_EF_110518_versaofinal_site.pdf";"319"
"fund-medidas-planas";"Fundamentos da Matemática";"Geometria e trigonometria";"Áreas e perímetros";"EM";"Grandezas e medidas";"EM13MAT201, EM13MAT307, EM13MAT506";"apoio parcial";"Medidas e variações de figuras disponíveis. A investigação de variação requer registrar vários ensaios e relacionar as grandezas.";"Como área e perímetro variam quando uma medida é duplicada?";"https://basenacionalcomum.mec.gov.br/images/BNCC_EI_EF_110518_versaofinal_site.pdf";"537"
"fund-solidos";"Fundamentos da Matemática";"Geometria e trigonometria";"Volumes e áreas de sólidos";"EF09, EM";"Geometria e Medidas";"EF09MA17, EF09MA19, EM13MAT309, EM13MAT504";"apoio parcial";"Volumes, áreas e vistas dos sólidos disponíveis. Planificações, Cavalieri e demonstrações exigem complementação.";"Sólidos com a mesma altura e base podem ter volumes diferentes?";"https://basenacionalcomum.mec.gov.br/images/BNCC_EI_EF_110518_versaofinal_site.pdf";"537"
"fund-complexos";"Fundamentos da Matemática";"Álgebra e funções";"Números complexos";"EXT";"Ampliação dos fundamentos";"";"extensão";"Conteúdo de aprofundamento ou graduação, sem correspondência direta atribuída às habilidades da BNCC. A escolha de pré-requisitos e da sequência cabe ao professor.";"Como multiplicar por i altera a posição de um número complexo?";"https://basenacionalcomum.mec.gov.br/images/BNCC_EI_EF_110518_versaofinal_site.pdf";""
"fund-combinatoria";"Fundamentos da Matemática";"Sequências e dados";"Combinatória e probabilidade binomial";"EM";"Probabilidade e estatística";"EM13MAT310, EM13MAT311";"apoio parcial";"Contagens e modelo binomial. Outros espaços amostrais, eventos dependentes e diagramas de árvore precisam de atividades próprias.";"Por que considerar a ordem muda a quantidade de agrupamentos?";"https://basenacionalcomum.mec.gov.br/images/BNCC_EI_EF_110518_versaofinal_site.pdf";"537"
"fund-estatistica";"Fundamentos da Matemática";"Sequências e dados";"Estatística descritiva";"EF07, EF09, EM";"Probabilidade e estatística";"EF07MA35, EF09MA23, EM13MAT202, EM13MAT316, EM13MAT406";"apoio parcial";"Resumo e frequências de uma amostra; pesquisa, crítica da amostragem e comunicação devem compor o roteiro.";"Qual medida de tendência central é mais afetada por um valor extremo?";"https://basenacionalcomum.mec.gov.br/images/BNCC_EI_EF_110518_versaofinal_site.pdf";"537"
"fund-juros";"Fundamentos da Matemática";"Sequências e dados";"Juros e crescimento";"EM";"Números e Álgebra";"EM13MAT303";"apoio parcial";"Comparar juros simples e compostos e justificar decisões dentro das hipóteses do modelo.";"Quando os crescimentos simples e compostos começam a se afastar?";"https://basenacionalcomum.mec.gov.br/images/BNCC_EI_EF_110518_versaofinal_site.pdf";"536"
"fund-funcoes";"Fundamentos da Matemática";"Laboratório gráfico livre";"Funções e gráficos";"EF09, EM";"Números e Álgebra";"EF09MA06, EM13MAT302, EM13MAT401, EM13MAT402, EM13MAT501, EM13MAT502";"apoio parcial";"Expressões, tabelas ou gráficos para investigar funções. Composição geral é aprofundamento, sem código específico atribuído.";"Como uma alteração na expressão aparece no gráfico?";"https://basenacionalcomum.mec.gov.br/images/BNCC_EI_EF_110518_versaofinal_site.pdf";"539"
"fund-modelos";"Fundamentos da Matemática";"Laboratório gráfico livre";"Modelos de variação";"EF09, EM";"Números e Álgebra";"EF09MA06, EM13MAT302, EM13MAT401, EM13MAT402, EM13MAT501, EM13MAT502";"apoio parcial";"Expressões, tabelas ou gráficos para investigar funções. Composição geral é aprofundamento, sem código específico atribuído.";"Qual modelo representa melhor a variação que você deseja investigar?";"https://basenacionalcomum.mec.gov.br/images/BNCC_EI_EF_110518_versaofinal_site.pdf";"539"
"geo-distancias";"Geometria Analítica";"Coordenadas e retas";"Pontos, distâncias e segmentos";"EF09";"Geometria";"EF09MA16";"apoio parcial";"Distância e ponto médio: solicitar construção e argumentação antes da conferência automática; casos no espaço são extensão.";"Como justificar a distância e o ponto médio a partir do desenho?";"https://basenacionalcomum.mec.gov.br/images/BNCC_EI_EF_110518_versaofinal_site.pdf";"319"
"geo-retas-medidas";"Geometria Analítica";"Coordenadas e retas";"Relações entre retas no plano";"EF08";"Geometria";"EF08MA07";"apoio parcial";"Retas no plano e suas relações; problemas com duas incógnitas podem usar a construção gráfica.";"Como reconhecer paralelismo e perpendicularidade nas representações?";"https://basenacionalcomum.mec.gov.br/images/BNCC_EI_EF_110518_versaofinal_site.pdf";"313"
"geo-circunferencia";"Geometria Analítica";"Cônicas";"Circunferência e interseções";"EXT";"Geometria analítica avançada";"";"extensão";"Conteúdo de aprofundamento ou graduação, sem correspondência direta atribuída às habilidades da BNCC. A escolha de pré-requisitos e da sequência cabe ao professor.";"Que alterações fazem duas circunferências se tocarem ou deixarem de se cruzar?";"https://basenacionalcomum.mec.gov.br/images/BNCC_EI_EF_110518_versaofinal_site.pdf";""
"geo-conicas";"Geometria Analítica";"Cônicas";"Elipse, hipérbole e parábola";"EXT";"Geometria analítica avançada";"";"extensão";"Conteúdo de aprofundamento ou graduação, sem correspondência direta atribuída às habilidades da BNCC. A escolha de pré-requisitos e da sequência cabe ao professor.";"Como os parâmetros alteram focos, eixos e abertura de uma cônica?";"https://basenacionalcomum.mec.gov.br/images/BNCC_EI_EF_110518_versaofinal_site.pdf";""
"geo-conica-geral";"Geometria Analítica";"Cônicas";"Classificação de cônicas gerais";"EXT";"Geometria analítica avançada";"";"extensão";"Conteúdo de aprofundamento ou graduação, sem correspondência direta atribuída às habilidades da BNCC. A escolha de pré-requisitos e da sequência cabe ao professor.";"Que mudanças nos coeficientes alteram a classificação da cônica?";"https://basenacionalcomum.mec.gov.br/images/BNCC_EI_EF_110518_versaofinal_site.pdf";""
"geo-reta-plano";"Geometria Analítica";"Geometria do espaço";"Reta e plano no espaço";"EXT";"Geometria analítica avançada";"";"extensão";"Conteúdo de aprofundamento ou graduação, sem correspondência direta atribuída às habilidades da BNCC. A escolha de pré-requisitos e da sequência cabe ao professor.";"Em que condições uma reta cruza, pertence ou é paralela a um plano?";"https://basenacionalcomum.mec.gov.br/images/BNCC_EI_EF_110518_versaofinal_site.pdf";""
"geo-planos";"Geometria Analítica";"Geometria do espaço";"Interseção de planos";"EXT";"Geometria analítica avançada";"";"extensão";"Conteúdo de aprofundamento ou graduação, sem correspondência direta atribuída às habilidades da BNCC. A escolha de pré-requisitos e da sequência cabe ao professor.";"O que muda na interseção quando os vetores normais se alinham?";"https://basenacionalcomum.mec.gov.br/images/BNCC_EI_EF_110518_versaofinal_site.pdf";""
"geo-coordenadas";"Geometria Analítica";"Geometria do espaço";"Coordenadas polares, cilíndricas e esféricas";"EXT";"Geometria analítica avançada";"";"extensão";"Conteúdo de aprofundamento ou graduação, sem correspondência direta atribuída às habilidades da BNCC. A escolha de pré-requisitos e da sequência cabe ao professor.";"O mesmo ponto pode ter mais de uma representação de coordenadas?";"https://basenacionalcomum.mec.gov.br/images/BNCC_EI_EF_110518_versaofinal_site.pdf";""
"geo-quadricas";"Geometria Analítica";"Geometria do espaço";"Superfícies quádricas";"EXT";"Geometria analítica avançada";"";"extensão";"Conteúdo de aprofundamento ou graduação, sem correspondência direta atribuída às habilidades da BNCC. A escolha de pré-requisitos e da sequência cabe ao professor.";"O que as diferentes vistas revelam sobre uma superfície?";"https://basenacionalcomum.mec.gov.br/images/BNCC_EI_EF_110518_versaofinal_site.pdf";""
"geo-poligonos";"Geometria Analítica";"Coordenadas e retas";"Polígonos por coordenadas";"EF06, EF09";"Geometria";"EF06MA16, EF09MA16";"apoio parcial";"Coordenadas, segmentos e polígonos. Conectar desenho e medidas por meio de conjecturas e registros.";"Como a ordem dos vértices afeta orientação e área calculada?";"https://basenacionalcomum.mec.gov.br/images/BNCC_EI_EF_110518_versaofinal_site.pdf";"319"
"geo-plano";"Geometria Analítica";"Laboratório gráfico livre";"Construções no plano";"EF06, EF09";"Geometria";"EF06MA16, EF09MA16";"apoio parcial";"Coordenadas, segmentos e polígonos. Conectar desenho e medidas por meio de conjecturas e registros.";"Que propriedades da construção permanecem quando seus pontos mudam?";"https://basenacionalcomum.mec.gov.br/images/BNCC_EI_EF_110518_versaofinal_site.pdf";"319"
"geo-espaco";"Geometria Analítica";"Laboratório gráfico livre";"Retas no espaço";"EXT";"Geometria analítica avançada";"";"extensão";"Conteúdo de aprofundamento ou graduação, sem correspondência direta atribuída às habilidades da BNCC. A escolha de pré-requisitos e da sequência cabe ao professor.";"Como distinguir retas paralelas, concorrentes e reversas no espaço?";"https://basenacionalcomum.mec.gov.br/images/BNCC_EI_EF_110518_versaofinal_site.pdf";""
"alg-produtos";"Álgebra Vetorial";"Vetores e produtos";"Operações e produtos vetoriais";"EXT";"Álgebra linear e vetorial";"";"extensão";"Conteúdo de aprofundamento ou graduação, sem correspondência direta atribuída às habilidades da BNCC. A escolha de pré-requisitos e da sequência cabe ao professor.";"Quando o produto escalar se anula e o que isso revela?";"https://basenacionalcomum.mec.gov.br/images/BNCC_EI_EF_110518_versaofinal_site.pdf";""
"alg-produto-misto";"Álgebra Vetorial";"Vetores e produtos";"Produto misto e volumes";"EXT";"Álgebra linear e vetorial";"";"extensão";"Conteúdo de aprofundamento ou graduação, sem correspondência direta atribuída às habilidades da BNCC. A escolha de pré-requisitos e da sequência cabe ao professor.";"O que significa um produto misto nulo para o volume?";"https://basenacionalcomum.mec.gov.br/images/BNCC_EI_EF_110518_versaofinal_site.pdf";""
"alg-matrizes";"Álgebra Vetorial";"Matrizes e sistemas";"Operações com matrizes";"EXT";"Álgebra linear e vetorial";"";"extensão";"Conteúdo de aprofundamento ou graduação, sem correspondência direta atribuída às habilidades da BNCC. A escolha de pré-requisitos e da sequência cabe ao professor.";"Trocar a ordem de multiplicação de matrizes preserva o produto?";"https://basenacionalcomum.mec.gov.br/images/BNCC_EI_EF_110518_versaofinal_site.pdf";""
"alg-sistemas";"Álgebra Vetorial";"Matrizes e sistemas";"Sistemas lineares e escalonamento";"EF08, EM";"Números e Álgebra";"EF08MA08, EM13MAT301";"apoio parcial";"Sistemas e interpretação de soluções; no 8º ano restringir a duas incógnitas. Sistemas de ordem maior são extensão.";"Que mudanças tornam um sistema único, indeterminado ou impossível?";"https://basenacionalcomum.mec.gov.br/images/BNCC_EI_EF_110518_versaofinal_site.pdf";"536"
"alg-bases";"Álgebra Vetorial";"Espaços vetoriais";"Dependência linear, bases e núcleo";"EXT";"Álgebra linear e vetorial";"";"extensão";"Conteúdo de aprofundamento ou graduação, sem correspondência direta atribuída às habilidades da BNCC. A escolha de pré-requisitos e da sequência cabe ao professor.";"Qual vetor pode ser retirado sem alterar o espaço gerado?";"https://basenacionalcomum.mec.gov.br/images/BNCC_EI_EF_110518_versaofinal_site.pdf";""
"alg-gram-schmidt";"Álgebra Vetorial";"Espaços vetoriais";"Ortogonalização de Gram–Schmidt";"EXT";"Álgebra linear e vetorial";"";"extensão";"Conteúdo de aprofundamento ou graduação, sem correspondência direta atribuída às habilidades da BNCC. A escolha de pré-requisitos e da sequência cabe ao professor.";"A ortogonalização muda o espaço gerado pelos vetores?";"https://basenacionalcomum.mec.gov.br/images/BNCC_EI_EF_110518_versaofinal_site.pdf";""
"alg-transformacoes";"Álgebra Vetorial";"Transformações";"Transformações lineares e afins";"EM";"Geometria e Medidas";"EM13MAT105";"apoio parcial";"Transformações no plano; restringir a isometrias ou homotetias para a habilidade. Transformações gerais e 3D são extensão.";"Que transformações preservam distâncias, ângulos ou alinhamento?";"https://basenacionalcomum.mec.gov.br/images/BNCC_EI_EF_110518_versaofinal_site.pdf";"533"
"alg-autovalores";"Álgebra Vetorial";"Transformações";"Autovalores e autoespaços 2 × 2";"EXT";"Álgebra linear e vetorial";"";"extensão";"Conteúdo de aprofundamento ou graduação, sem correspondência direta atribuída às habilidades da BNCC. A escolha de pré-requisitos e da sequência cabe ao professor.";"Quais direções são preservadas por uma transformação?";"https://basenacionalcomum.mec.gov.br/images/BNCC_EI_EF_110518_versaofinal_site.pdf";""
"alg-minimos-quadrados";"Álgebra Vetorial";"Matrizes e sistemas";"Ajuste por mínimos quadrados";"EM";"Números e Álgebra";"EM13MAT510";"apoio parcial";"Ajuste e interpretação de tendência linear. A técnica matricial é aprofundamento, não exigência da habilidade.";"Como um ponto distante dos demais altera a reta ajustada?";"https://basenacionalcomum.mec.gov.br/images/BNCC_EI_EF_110518_versaofinal_site.pdf";"541"
"alg-vetores";"Álgebra Vetorial";"Laboratório gráfico livre";"Vetores no plano";"EXT";"Álgebra linear e vetorial";"";"extensão";"Conteúdo de aprofundamento ou graduação, sem correspondência direta atribuída às habilidades da BNCC. A escolha de pré-requisitos e da sequência cabe ao professor.";"Como origem, direção e módulo aparecem na representação vetorial?";"https://basenacionalcomum.mec.gov.br/images/BNCC_EI_EF_110518_versaofinal_site.pdf";""
"alg-parametric";"Álgebra Vetorial";"Laboratório gráfico livre";"Trajetórias paramétricas";"EXT";"Álgebra linear e vetorial";"";"extensão";"Conteúdo de aprofundamento ou graduação, sem correspondência direta atribuída às habilidades da BNCC. A escolha de pré-requisitos e da sequência cabe ao professor.";"A trajetória muda se apenas a velocidade de parametrização mudar?";"https://basenacionalcomum.mec.gov.br/images/BNCC_EI_EF_110518_versaofinal_site.pdf";""
"calc1-aproximacoes";"Cálculo I";"Limites e continuidade";"Limites laterais e no infinito";"EXT";"Cálculo diferencial e integral";"";"extensão";"Conteúdo de aprofundamento ou graduação, sem correspondência direta atribuída às habilidades da BNCC. A escolha de pré-requisitos e da sequência cabe ao professor.";"A aproximação pela esquerda concorda com a aproximação pela direita?";"https://basenacionalcomum.mec.gov.br/images/BNCC_EI_EF_110518_versaofinal_site.pdf";""
"calc1-epsilon-delta";"Cálculo I";"Limites e continuidade";"Verificação de ε e δ";"EXT";"Cálculo diferencial e integral";"";"extensão";"Conteúdo de aprofundamento ou graduação, sem correspondência direta atribuída às habilidades da BNCC. A escolha de pré-requisitos e da sequência cabe ao professor.";"Um mesmo δ atende a todos os valores de ε que você escolheu?";"https://basenacionalcomum.mec.gov.br/images/BNCC_EI_EF_110518_versaofinal_site.pdf";""
"calc1-derivacao";"Cálculo I";"Derivadas";"Derivação simbólica e ordens superiores";"EXT";"Cálculo diferencial e integral";"";"extensão";"Conteúdo de aprofundamento ou graduação, sem correspondência direta atribuída às habilidades da BNCC. A escolha de pré-requisitos e da sequência cabe ao professor.";"Como as derivadas sucessivas descrevem a variação de uma função?";"https://basenacionalcomum.mec.gov.br/images/BNCC_EI_EF_110518_versaofinal_site.pdf";""
"calc1-tangentes";"Cálculo I";"Derivadas";"Secantes, tangentes e aproximação linear";"EXT";"Cálculo diferencial e integral";"";"extensão";"Conteúdo de aprofundamento ou graduação, sem correspondência direta atribuída às habilidades da BNCC. A escolha de pré-requisitos e da sequência cabe ao professor.";"Como a secante se aproxima da tangente quando o incremento diminui?";"https://basenacionalcomum.mec.gov.br/images/BNCC_EI_EF_110518_versaofinal_site.pdf";""
"calc1-implicitas";"Cálculo I";"Derivadas";"Derivadas implícitas";"EXT";"Cálculo diferencial e integral";"";"extensão";"Conteúdo de aprofundamento ou graduação, sem correspondência direta atribuída às habilidades da BNCC. A escolha de pré-requisitos e da sequência cabe ao professor.";"Em quais pontos a derivação implícita deixa de fornecer uma inclinação finita?";"https://basenacionalcomum.mec.gov.br/images/BNCC_EI_EF_110518_versaofinal_site.pdf";""
"calc1-taxas";"Cálculo I";"Derivadas";"Taxas relacionadas";"EXT";"Cálculo diferencial e integral";"";"extensão";"Conteúdo de aprofundamento ou graduação, sem correspondência direta atribuída às habilidades da BNCC. A escolha de pré-requisitos e da sequência cabe ao professor.";"Como as taxas relacionadas mudam quando a configuração geométrica muda?";"https://basenacionalcomum.mec.gov.br/images/BNCC_EI_EF_110518_versaofinal_site.pdf";""
"calc1-analise";"Cálculo I";"Aplicações de derivadas";"Crescimento, concavidade e pontos críticos";"EXT";"Cálculo diferencial e integral";"";"extensão";"Conteúdo de aprofundamento ou graduação, sem correspondência direta atribuída às habilidades da BNCC. A escolha de pré-requisitos e da sequência cabe ao professor.";"O sinal da derivada e a concavidade confirmam o que o gráfico sugere?";"https://basenacionalcomum.mec.gov.br/images/BNCC_EI_EF_110518_versaofinal_site.pdf";""
"calc1-otimizacao";"Cálculo I";"Aplicações de derivadas";"Extremos em intervalo fechado";"EXT";"Cálculo diferencial e integral";"";"extensão";"Conteúdo de aprofundamento ou graduação, sem correspondência direta atribuída às habilidades da BNCC. A escolha de pré-requisitos e da sequência cabe ao professor.";"O extremo do intervalo ocorre em um ponto crítico ou em uma extremidade?";"https://basenacionalcomum.mec.gov.br/images/BNCC_EI_EF_110518_versaofinal_site.pdf";""
"calc1-newton";"Cálculo I";"Aplicações de derivadas";"Método de Newton";"EXT";"Cálculo diferencial e integral";"";"extensão";"Conteúdo de aprofundamento ou graduação, sem correspondência direta atribuída às habilidades da BNCC. A escolha de pré-requisitos e da sequência cabe ao professor.";"Como a estimativa inicial afeta a convergência do método de Newton?";"https://basenacionalcomum.mec.gov.br/images/BNCC_EI_EF_110518_versaofinal_site.pdf";""
"calc1-lhopital";"Cálculo I";"Limites e continuidade";"Comparação de quocientes 0/0";"EXT";"Cálculo diferencial e integral";"";"extensão";"Conteúdo de aprofundamento ou graduação, sem correspondência direta atribuída às habilidades da BNCC. A escolha de pré-requisitos e da sequência cabe ao professor.";"A hipótese de indeterminação é atendida antes de comparar derivadas?";"https://basenacionalcomum.mec.gov.br/images/BNCC_EI_EF_110518_versaofinal_site.pdf";""
"calc1-taylor";"Cálculo I";"Aproximações e integrais";"Polinômios de Taylor e Maclaurin";"EXT";"Cálculo diferencial e integral";"";"extensão";"Conteúdo de aprofundamento ou graduação, sem correspondência direta atribuída às habilidades da BNCC. A escolha de pré-requisitos e da sequência cabe ao professor.";"Onde o polinômio aproxima bem a função e onde o erro cresce?";"https://basenacionalcomum.mec.gov.br/images/BNCC_EI_EF_110518_versaofinal_site.pdf";""
"calc1-riemann";"Cálculo I";"Aproximações e integrais";"Somas de Riemann";"EXT";"Cálculo diferencial e integral";"";"extensão";"Conteúdo de aprofundamento ou graduação, sem correspondência direta atribuída às habilidades da BNCC. A escolha de pré-requisitos e da sequência cabe ao professor.";"O refinamento das partições sempre aumenta a soma de Riemann?";"https://basenacionalcomum.mec.gov.br/images/BNCC_EI_EF_110518_versaofinal_site.pdf";""
"calc1-fundamental";"Cálculo I";"Aproximações e integrais";"Acumulação e Teorema Fundamental";"EXT";"Cálculo diferencial e integral";"";"extensão";"Conteúdo de aprofundamento ou graduação, sem correspondência direta atribuída às habilidades da BNCC. A escolha de pré-requisitos e da sequência cabe ao professor.";"Como a derivada da acumulação se relaciona ao integrando?";"https://basenacionalcomum.mec.gov.br/images/BNCC_EI_EF_110518_versaofinal_site.pdf";""
"calc1-limites";"Cálculo I";"Laboratório gráfico livre";"Limites e continuidade";"EXT";"Cálculo diferencial e integral";"";"extensão";"Conteúdo de aprofundamento ou graduação, sem correspondência direta atribuída às habilidades da BNCC. A escolha de pré-requisitos e da sequência cabe ao professor.";"Um gráfico aparentemente contínuo é suficiente para concluir continuidade?";"https://basenacionalcomum.mec.gov.br/images/BNCC_EI_EF_110518_versaofinal_site.pdf";""
"calc1-derivadas";"Cálculo I";"Laboratório gráfico livre";"Derivadas e variação";"EXT";"Cálculo diferencial e integral";"";"extensão";"Conteúdo de aprofundamento ou graduação, sem correspondência direta atribuída às habilidades da BNCC. A escolha de pré-requisitos e da sequência cabe ao professor.";"Que relação existe entre a inclinação local e o crescimento da função?";"https://basenacionalcomum.mec.gov.br/images/BNCC_EI_EF_110518_versaofinal_site.pdf";""
"calc2-primitivas";"Cálculo II";"Técnicas de integração";"Primitivas simbólicas";"EXT";"Integração, séries e várias variáveis";"";"extensão";"Conteúdo de aprofundamento ou graduação, sem correspondência direta atribuída às habilidades da BNCC. A escolha de pré-requisitos e da sequência cabe ao professor.";"Como confirmar uma primitiva por derivação?";"https://basenacionalcomum.mec.gov.br/images/BNCC_EI_EF_110518_versaofinal_site.pdf";""
"calc2-substituicao";"Cálculo II";"Técnicas de integração";"Integração por substituição";"EXT";"Integração, séries e várias variáveis";"";"extensão";"Conteúdo de aprofundamento ou graduação, sem correspondência direta atribuída às habilidades da BNCC. A escolha de pré-requisitos e da sequência cabe ao professor.";"Como a troca de variável altera integrando, diferencial e limites?";"https://basenacionalcomum.mec.gov.br/images/BNCC_EI_EF_110518_versaofinal_site.pdf";""
"calc2-partes";"Cálculo II";"Técnicas de integração";"Integração por partes";"EXT";"Integração, séries e várias variáveis";"";"extensão";"Conteúdo de aprofundamento ou graduação, sem correspondência direta atribuída às habilidades da BNCC. A escolha de pré-requisitos e da sequência cabe ao professor.";"Diferentes escolhas de fatores tornam a integral mais simples?";"https://basenacionalcomum.mec.gov.br/images/BNCC_EI_EF_110518_versaofinal_site.pdf";""
"calc2-fracoes-parciais";"Cálculo II";"Técnicas de integração";"Frações parciais";"EXT";"Integração, séries e várias variáveis";"";"extensão";"Conteúdo de aprofundamento ou graduação, sem correspondência direta atribuída às habilidades da BNCC. A escolha de pré-requisitos e da sequência cabe ao professor.";"A decomposição preserva a função em todos os pontos do domínio original?";"https://basenacionalcomum.mec.gov.br/images/BNCC_EI_EF_110518_versaofinal_site.pdf";""
"calc2-substituicao-trig";"Cálculo II";"Técnicas de integração";"Substituição trigonométrica";"EXT";"Integração, séries e várias variáveis";"";"extensão";"Conteúdo de aprofundamento ou graduação, sem correspondência direta atribuída às habilidades da BNCC. A escolha de pré-requisitos e da sequência cabe ao professor.";"Quais restrições do triângulo e do domínio acompanham a substituição?";"https://basenacionalcomum.mec.gov.br/images/BNCC_EI_EF_110518_versaofinal_site.pdf";""
"calc2-quadratura";"Cálculo II";"Integrais e aplicações";"Integração numérica e comparação de regras";"EXT";"Integração, séries e várias variáveis";"";"extensão";"Conteúdo de aprofundamento ou graduação, sem correspondência direta atribuída às habilidades da BNCC. A escolha de pré-requisitos e da sequência cabe ao professor.";"Como as regras de integração respondem ao mesmo refinamento?";"https://basenacionalcomum.mec.gov.br/images/BNCC_EI_EF_110518_versaofinal_site.pdf";""
"calc2-improprias";"Cálculo II";"Integrais e aplicações";"Integrais impróprias";"EXT";"Integração, séries e várias variáveis";"";"extensão";"Conteúdo de aprofundamento ou graduação, sem correspondência direta atribuída às habilidades da BNCC. A escolha de pré-requisitos e da sequência cabe ao professor.";"Valores numéricos próximos são suficientes para concluir convergência?";"https://basenacionalcomum.mec.gov.br/images/BNCC_EI_EF_110518_versaofinal_site.pdf";""
"calc2-areas";"Cálculo II";"Integrais e aplicações";"Áreas entre curvas e centroides";"EXT";"Integração, séries e várias variáveis";"";"extensão";"Conteúdo de aprofundamento ou graduação, sem correspondência direta atribuída às habilidades da BNCC. A escolha de pré-requisitos e da sequência cabe ao professor.";"Como cruzamentos e intervalo alteram a área entre as curvas?";"https://basenacionalcomum.mec.gov.br/images/BNCC_EI_EF_110518_versaofinal_site.pdf";""
"calc2-cascas";"Cálculo II";"Integrais e aplicações";"Volumes por cascas e seções";"EXT";"Integração, séries e várias variáveis";"";"extensão";"Conteúdo de aprofundamento ou graduação, sem correspondência direta atribuída às habilidades da BNCC. A escolha de pré-requisitos e da sequência cabe ao professor.";"Que escolhas geométricas justificam o raio e a altura de cada casca?";"https://basenacionalcomum.mec.gov.br/images/BNCC_EI_EF_110518_versaofinal_site.pdf";""
"calc2-arcos";"Cálculo II";"Integrais e aplicações";"Comprimento de arco e área de revolução";"EXT";"Integração, séries e várias variáveis";"";"extensão";"Conteúdo de aprofundamento ou graduação, sem correspondência direta atribuída às habilidades da BNCC. A escolha de pré-requisitos e da sequência cabe ao professor.";"Como uma deformação da curva altera comprimento e área de revolução?";"https://basenacionalcomum.mec.gov.br/images/BNCC_EI_EF_110518_versaofinal_site.pdf";""
"calc2-aplicacoes";"Cálculo II";"Integrais e aplicações";"Trabalho, valor médio e massa";"EXT";"Integração, séries e várias variáveis";"";"extensão";"Conteúdo de aprofundamento ou graduação, sem correspondência direta atribuída às habilidades da BNCC. A escolha de pré-requisitos e da sequência cabe ao professor.";"O resultado mantém significado físico quando se alteram as unidades?";"https://basenacionalcomum.mec.gov.br/images/BNCC_EI_EF_110518_versaofinal_site.pdf";""
"calc2-parametricas-medidas";"Cálculo II";"Curvas e equações diferenciais";"Medidas de curvas paramétricas e polares";"EXT";"Integração, séries e várias variáveis";"";"extensão";"Conteúdo de aprofundamento ou graduação, sem correspondência direta atribuída às habilidades da BNCC. A escolha de pré-requisitos e da sequência cabe ao professor.";"A parametrização altera a curva, sua orientação ou apenas sua velocidade?";"https://basenacionalcomum.mec.gov.br/images/BNCC_EI_EF_110518_versaofinal_site.pdf";""
"calc2-edo";"Cálculo II";"Curvas e equações diferenciais";"Equações diferenciais de primeira ordem";"EXT";"Integração, séries e várias variáveis";"";"extensão";"Conteúdo de aprofundamento ou graduação, sem correspondência direta atribuída às habilidades da BNCC. A escolha de pré-requisitos e da sequência cabe ao professor.";"Como condição inicial e passo numérico alteram a solução aproximada?";"https://basenacionalcomum.mec.gov.br/images/BNCC_EI_EF_110518_versaofinal_site.pdf";""
"calc2-sequencias";"Cálculo II";"Sequências e séries";"Sequências e somas parciais";"EXT";"Integração, séries e várias variáveis";"";"extensão";"Conteúdo de aprofundamento ou graduação, sem correspondência direta atribuída às habilidades da BNCC. A escolha de pré-requisitos e da sequência cabe ao professor.";"Uma sequência de termos que tende a zero garante soma convergente?";"https://basenacionalcomum.mec.gov.br/images/BNCC_EI_EF_110518_versaofinal_site.pdf";""
"calc2-criterios";"Cálculo II";"Sequências e séries";"Séries: critérios em famílias conhecidas";"EXT";"Integração, séries e várias variáveis";"";"extensão";"Conteúdo de aprofundamento ou graduação, sem correspondência direta atribuída às habilidades da BNCC. A escolha de pré-requisitos e da sequência cabe ao professor.";"Quais hipóteses permitem aplicar o critério de convergência escolhido?";"https://basenacionalcomum.mec.gov.br/images/BNCC_EI_EF_110518_versaofinal_site.pdf";""
"calc2-series-potencias";"Cálculo II";"Sequências e séries";"Séries de potências e intervalos";"EXT";"Integração, séries e várias variáveis";"";"extensão";"Conteúdo de aprofundamento ou graduação, sem correspondência direta atribuída às habilidades da BNCC. A escolha de pré-requisitos e da sequência cabe ao professor.";"As extremidades do intervalo se comportam como seus pontos interiores?";"https://basenacionalcomum.mec.gov.br/images/BNCC_EI_EF_110518_versaofinal_site.pdf";""
"calc2-superficies";"Cálculo II";"Várias variáveis";"Funções de duas variáveis e superfícies";"EXT";"Integração, séries e várias variáveis";"";"extensão";"Conteúdo de aprofundamento ou graduação, sem correspondência direta atribuída às habilidades da BNCC. A escolha de pré-requisitos e da sequência cabe ao professor.";"Como se relacionam cortes, curvas de nível e superfície?";"https://basenacionalcomum.mec.gov.br/images/BNCC_EI_EF_110518_versaofinal_site.pdf";""
"calc2-limites-caminhos";"Cálculo II";"Várias variáveis";"Limites em várias variáveis: caminhos";"EXT";"Integração, séries e várias variáveis";"";"extensão";"Conteúdo de aprofundamento ou graduação, sem correspondência direta atribuída às habilidades da BNCC. A escolha de pré-requisitos e da sequência cabe ao professor.";"Concordância entre alguns caminhos prova a existência do limite?";"https://basenacionalcomum.mec.gov.br/images/BNCC_EI_EF_110518_versaofinal_site.pdf";""
"calc2-parciais";"Cálculo II";"Várias variáveis";"Derivadas parciais, gradiente e Hessiana";"EXT";"Integração, séries e várias variáveis";"";"extensão";"Conteúdo de aprofundamento ou graduação, sem correspondência direta atribuída às habilidades da BNCC. A escolha de pré-requisitos e da sequência cabe ao professor.";"Como derivadas parciais e Hessiana descrevem o comportamento local?";"https://basenacionalcomum.mec.gov.br/images/BNCC_EI_EF_110518_versaofinal_site.pdf";""
"calc2-direcionais";"Cálculo II";"Várias variáveis";"Derivada direcional e plano tangente";"EXT";"Integração, séries e várias variáveis";"";"extensão";"Conteúdo de aprofundamento ou graduação, sem correspondência direta atribuída às habilidades da BNCC. A escolha de pré-requisitos e da sequência cabe ao professor.";"Qual direção produz a maior variação local da função?";"https://basenacionalcomum.mec.gov.br/images/BNCC_EI_EF_110518_versaofinal_site.pdf";""
"calc2-duplas";"Cálculo II";"Várias variáveis";"Integrais duplas com limites variáveis";"EXT";"Integração, séries e várias variáveis";"";"extensão";"Conteúdo de aprofundamento ou graduação, sem correspondência direta atribuída às habilidades da BNCC. A escolha de pré-requisitos e da sequência cabe ao professor.";"Como os limites descrevem a região e influenciam a integral?";"https://basenacionalcomum.mec.gov.br/images/BNCC_EI_EF_110518_versaofinal_site.pdf";""
"calc2-polares";"Cálculo II";"Várias variáveis";"Integrais duplas em polares";"EXT";"Integração, séries e várias variáveis";"";"extensão";"Conteúdo de aprofundamento ou graduação, sem correspondência direta atribuída às habilidades da BNCC. A escolha de pré-requisitos e da sequência cabe ao professor.";"Que erro surge quando o fator radial do jacobiano é omitido?";"https://basenacionalcomum.mec.gov.br/images/BNCC_EI_EF_110518_versaofinal_site.pdf";""
"calc2-triplas";"Cálculo II";"Várias variáveis";"Integrais triplas cartesianas";"EXT";"Integração, séries e várias variáveis";"";"extensão";"Conteúdo de aprofundamento ou graduação, sem correspondência direta atribuída às habilidades da BNCC. A escolha de pré-requisitos e da sequência cabe ao professor.";"Como os limites de integração delimitam o sólido?";"https://basenacionalcomum.mec.gov.br/images/BNCC_EI_EF_110518_versaofinal_site.pdf";""
"calc2-jacobiano";"Cálculo II";"Várias variáveis";"Mudança de variáveis e jacobiano";"EXT";"Integração, séries e várias variáveis";"";"extensão";"Conteúdo de aprofundamento ou graduação, sem correspondência direta atribuída às habilidades da BNCC. A escolha de pré-requisitos e da sequência cabe ao professor.";"O que o jacobiano informa sobre a mudança local de área?";"https://basenacionalcomum.mec.gov.br/images/BNCC_EI_EF_110518_versaofinal_site.pdf";""
"calc2-lagrange";"Cálculo II";"Várias variáveis";"Restrição por multiplicadores de Lagrange";"EXT";"Integração, séries e várias variáveis";"";"extensão";"Conteúdo de aprofundamento ou graduação, sem correspondência direta atribuída às habilidades da BNCC. A escolha de pré-requisitos e da sequência cabe ao professor.";"Os candidatos encontrados atendem à restrição e garantem um extremo global?";"https://basenacionalcomum.mec.gov.br/images/BNCC_EI_EF_110518_versaofinal_site.pdf";""
"calc2-campos";"Cálculo II";"Várias variáveis";"Campos vetoriais, divergência e rotacional";"EXT";"Integração, séries e várias variáveis";"";"extensão";"Conteúdo de aprofundamento ou graduação, sem correspondência direta atribuída às habilidades da BNCC. A escolha de pré-requisitos e da sequência cabe ao professor.";"Que padrões visuais correspondem à divergência e ao rotacional?";"https://basenacionalcomum.mec.gov.br/images/BNCC_EI_EF_110518_versaofinal_site.pdf";""
"calc2-integral-linha";"Cálculo II";"Várias variáveis";"Integrais de linha e trabalho";"EXT";"Integração, séries e várias variáveis";"";"extensão";"Conteúdo de aprofundamento ou graduação, sem correspondência direta atribuída às habilidades da BNCC. A escolha de pré-requisitos e da sequência cabe ao professor.";"Trocar o sentido do caminho altera o trabalho?";"https://basenacionalcomum.mec.gov.br/images/BNCC_EI_EF_110518_versaofinal_site.pdf";""
"calc2-fluxo-superficie";"Cálculo II";"Várias variáveis";"Área e fluxo em superfícies";"EXT";"Integração, séries e várias variáveis";"";"extensão";"Conteúdo de aprofundamento ou graduação, sem correspondência direta atribuída às habilidades da BNCC. A escolha de pré-requisitos e da sequência cabe ao professor.";"Como a orientação da superfície altera o sinal do fluxo?";"https://basenacionalcomum.mec.gov.br/images/BNCC_EI_EF_110518_versaofinal_site.pdf";""
"calc2-integracao";"Cálculo II";"Laboratório gráfico livre";"Discos e anéis";"EXT";"Integração, séries e várias variáveis";"";"extensão";"Conteúdo de aprofundamento ou graduação, sem correspondência direta atribuída às habilidades da BNCC. A escolha de pré-requisitos e da sequência cabe ao professor.";"Como raios interno e externo determinam o sólido de revolução?";"https://basenacionalcomum.mec.gov.br/images/BNCC_EI_EF_110518_versaofinal_site.pdf";""
"calc2-integrais";"Cálculo II";"Laboratório gráfico livre";"Integrais definidas";"EXT";"Integração, séries e várias variáveis";"";"extensão";"Conteúdo de aprofundamento ou graduação, sem correspondência direta atribuída às habilidades da BNCC. A escolha de pré-requisitos e da sequência cabe ao professor.";"Como distinguir integral com sinal e área geométrica?";"https://basenacionalcomum.mec.gov.br/images/BNCC_EI_EF_110518_versaofinal_site.pdf";""
"calc2-parametric";"Cálculo II";"Laboratório gráfico livre";"Curvas paramétricas";"EXT";"Integração, séries e várias variáveis";"";"extensão";"Conteúdo de aprofundamento ou graduação, sem correspondência direta atribuída às habilidades da BNCC. A escolha de pré-requisitos e da sequência cabe ao professor.";"Como identificar orientação, interseções e repetição na curva?";"https://basenacionalcomum.mec.gov.br/images/BNCC_EI_EF_110518_versaofinal_site.pdf";""
"calc2-curvas3d";"Cálculo II";"Laboratório gráfico livre";"Curvas no espaço";"EXT";"Integração, séries e várias variáveis";"";"extensão";"Conteúdo de aprofundamento ou graduação, sem correspondência direta atribuída às habilidades da BNCC. A escolha de pré-requisitos e da sequência cabe ao professor.";"Que informação sobre a curva se perde em cada projeção plana?";"https://basenacionalcomum.mec.gov.br/images/BNCC_EI_EF_110518_versaofinal_site.pdf";""
